		SVR	HA	STSGCN	MultiSPANS	MSTGCN	ASTGCN	ToGCN	DGCN
SZ_TAXI	MAE	2.723369	8.772669		2.90708971	2.905015469	2.954086542	7.487790585	2.971325159
	RMSE	4.182659	12.471788		4.435078144	4.349585533	4.391147137	8.971271515	4.439442158
NYCTAXI202001-202003	MAE	24.242601	13.075715						
	RMSE	62.510227	47.296223						
PEMSD3	MAE								
	RMSE								
PEMSD4	MAE								
	RMSE								
PEMSD8	MAE								
	RMSE								
Seattle	MAE								
	RMSE								
